{"cameraMode":{"drawMode":0,"name":"Shaded","section":"Shading Mode"},"sceneLighting":true,"audioPlay":false,"sceneViewState":{"showFog":true,"showMaterialUpdate":false,"showSkybox":true,"showFlares":true,"showImageEffects":true,"showParticleSystems":true},"in2DMode":false,"pivot":{"x":-4.238320827484131,"y":0.8954179286956787,"z":12.257598876953125},"rotation":{"x":0.0495835617184639,"y":-0.09119685739278794,"z":0.004545154981315136,"w":0.9946420192718506},"size":10.252998352050782,"orthographic":false}